Workbook

Sheet Documentation
A1: E-Presso Market Survey
A3: Author
A4: Date
A5: Purpose | B5: To track market survey results for E-Presso stores on an annual basis.

Sheet Survey Results
A1: E-Presso Market Survey
A3: Survey ID | B3: Store ID | C3: Year | D3: Satisfaction | E3: Interest
A4: ="SH"&RIGHT('Survey Results'!$B4,2)&"_"&RIGHT('Survey Results'!$C4,2) -> SH00_25 | B4: SH00 | C4: Y2025
A5: ="SH"&RIGHT('Survey Results'!$B5,2)&"_"&RIGHT('Survey Results'!$C5,2) -> SH00_26 | B5: SH00 | C5: Y2026
A6: ="SH"&RIGHT('Survey Results'!$B6,2)&"_"&RIGHT('Survey Results'!$C6,2) -> SH00_27 | B6: SH00 | C6: Y2027
A7: ="SH"&RIGHT('Survey Results'!$B7,2)&"_"&RIGHT('Survey Results'!$C7,2) -> SH00_28 | B7: SH00 | C7: Y2028
A8: ="SH"&RIGHT('Survey Results'!$B8,2)&"_"&RIGHT('Survey Results'!$C8,2) -> SH00_29 | B8: SH00 | C8: Y2029
A9: ="SH"&RIGHT('Survey Results'!$B9,2)&"_"&RIGHT('Survey Results'!$C9,2) -> SH01_25 | B9: SH01 | C9: Y2025 | D9: 4.1 | E9: 89
A10: ="SH"&RIGHT('Survey Results'!$B10,2)&"_"&RIGHT('Survey Results'!$C10,2) -> SH01_26 | B10: SH01 | C10: Y2026 | D10: 4.7 | E10: 92
A11: ="SH"&RIGHT('Survey Results'!$B11,2)&"_"&RIGHT('Survey Results'!$C11,2) -> SH01_27 | B11: SH01 | C11: Y2027 | D11: 4.3 | E11: 90
A12: ="SH"&RIGHT('Survey Results'!$B12,2)&"_"&RIGHT('Survey Results'!$C12,2) -> SH01_28 | B12: SH01 | C12: Y2028 | D12: 4.9 | E12: 87
A13: ="SH"&RIGHT('Survey Results'!$B13,2)&"_"&RIGHT('Survey Results'!$C13,2) -> SH01_29 | B13: SH01 | C13: Y2029 | D13: 4.8 | E13: 86
A14: ="SH"&RIGHT('Survey Results'!$B14,2)&"_"&RIGHT('Survey Results'!$C14,2) -> SH02_25 | B14: SH02 | C14: Y2025 | D14: 3.3 | E14: 85
A15: ="SH"&RIGHT('Survey Results'!$B15,2)&"_"&RIGHT('Survey Results'!$C15,2) -> SH02_26 | B15: SH02 | C15: Y2026 | D15: 3.8 | E15: 91
A16: ="SH"&RIGHT('Survey Results'!$B16,2)&"_"&RIGHT('Survey Results'!$C16,2) -> SH02_27 | B16: SH02 | C16: Y2027 | D16: 2.5 | E16: 94
A17: ="SH"&RIGHT('Survey Results'!$B17,2)&"_"&RIGHT('Survey Results'!$C17,2) -> SH02_28 | B17: SH02 | C17: Y2028 | D17: 2.2 | E17: 62
A18: ="SH"&RIGHT('Survey Results'!$B18,2)&"_"&RIGHT('Survey Results'!$C18,2) -> SH02_29 | B18: SH02 | C18: Y2029 | D18: 2.4 | E18: 79
A19: ="SH"&RIGHT('Survey Results'!$B19,2)&"_"&RIGHT('Survey Results'!$C19,2) -> SH03_25 | B19: SH03 | C19: Y2025 | D19: 3.6 | E19: 78
A20: ="SH"&RIGHT('Survey Results'!$B20,2)&"_"&RIGHT('Survey Results'!$C20,2) -> SH03_26 | B20: SH03 | C20: Y2026 | D20: 4.4 | E20: 78
... A108: ="SH"&RIGHT('Survey Results'!$B108,2)&"_"&RIGHT('Survey Results'!$C108,2) -> SH20_29 | B108: SH20 | C108: Y2029 | D108: 2.3 | E108: 78

Sheet Terms and Definitions
A1: E-Presso Market Survey
A3: Question # | B3: Question Text
A4: 1 | B4: How satistified were you with your shopping experience at your local E-Presso store? (0 - 5 scale)
A5: 2 | B5: How much do you value quality espresso products? (0 - 100 scale)
